{
  "Total" : {
    "transaction" : "Total",
    "sampleCount" : 500,
    "errorCount" : 0,
    "errorPct" : 0.0,
    "meanResTime" : 11995.264,
    "medianResTime" : 11241.0,
    "minResTime" : 932.0,
    "maxResTime" : 24275.0,
    "pct1ResTime" : 20865.0,
    "pct2ResTime" : 22239.0,
    "pct3ResTime" : 23469.63,
    "throughput" : 15.99641680263621,
    "receivedKBytesPerSec" : 1946.5952126723614,
    "sentKBytesPerSec" : 1.8589585932751063
  },
  "HTTP Request" : {
    "transaction" : "HTTP Request",
    "sampleCount" : 500,
    "errorCount" : 0,
    "errorPct" : 0.0,
    "meanResTime" : 11995.264,
    "medianResTime" : 11241.0,
    "minResTime" : 932.0,
    "maxResTime" : 24275.0,
    "pct1ResTime" : 20865.0,
    "pct2ResTime" : 22239.0,
    "pct3ResTime" : 23469.63,
    "throughput" : 15.99641680263621,
    "receivedKBytesPerSec" : 1946.5952126723614,
    "sentKBytesPerSec" : 1.8589585932751063
  }
}